SITIO_DESEMBARCO_METODO_DE_PESCA;Cuartil_inf_COSTO_TOTAL_Hist;Cuartil_sup_COSTO_TOTAL_Hist;Cuartil_inf_INGRESOS_Hist;Cuartil_sup_INGRESOS_Hist
El Roto_Red de enmalle fija marina;32000;73000;20650;332200
Piedras Blancas_Buceo de langosta;16000;20000;59000;257950
Santuario_Arpón;29000;170000;220275;987250
Piedras Blancas_Buceo marino mixto;16000;24000;72000;288000
Isla Fuerte_Línea de mano fija marina;3800;227800;41200;714000
Isla Fuerte_Línea de mano correteo curricán o trolling;31100;205700;80000;758900
Campo alegre_Red de enmalle fija continental;3000;33800;17060;160880
El Muelle (Puerto López)_Red de enmalle fija continental;160000;290000;207200;622050
La Tagua_Palangre calandrio;11000;19175;15000;424925
Puerto Montecristo_Red de enmalle fija continental; ; ;16325;139150
Macurutú - Saloa_Red de enmalle fija continental;3000;21000;13350;156000
El Muelle (Puerto López)_Chinchorro continental;110000;330000;210000;680000
Codis_Línea de mano fija marina;8050;85000;35000;457000
Codis_Atarraya;11000;23000;75200;231100
Las Balsas_Chinchorro continental;140000;344000;263600;829000
San Luis_Red de enmalle fija continental; ; ;19740;165180
Tribugá_Línea de mano fija marina;5000;64250;8000;180800
Tribugá_Línea de mano correteo curricán o trolling;6850;20250;30500;205850
Berlín_Chinchorro continental;18000;22000;24150;329230
Casco urbano Roma_Red de enmalle fija continental; ; ;6770;85810
Casco urbano Roma_Red de enmalle zangarreo; ; ;16230;187740
La Punta_Palangre o espinel de fondo;49250;88750;55750;177000
Lomita Arena_Red de enmalle fija marina;23800;46200;20000;241700
La Punta_Red de enmalle fija marina;12000;61550;11000;158100
Zapata_Red de enmalle fija marina;12000;161600;35200;944400
Las Delicias_Red de enmalle fija marina;14000;35000;18000;323680
Bazán_Palangre o espinel de fondo;362000;724500;310600;1889100
Playa Totumo_Red de enmalle camaronera;30000;3,00E+05;50000;979000
Berlín_Palangre calandrio;15800;20000;9840;115680
Bazán_Red de cerco artesanal o ruche;495000;748000;1551000;22290000
Las Delicias_Red de enmalle de encierro marina;25000;190000;68280;1762040
Playa Totumo_Red de enmalle fija marina;14450;3,00E+05;39600;1202000
Bazán_Red de enmalle fija marina;90000;137250;70200;920700
Berlín_Red de enmalle de deriva continental;18000;20000;14850;99050
El Valle_Palangre o espinel de fondo;148750;320600;305300;2942850
Marriaga_Red de enmalle fija continental;15000;20000;10000;127750
Uveros_Red de enmalle fija marina;26800;284800;76875;1846800
El Valle_Línea de mano fija marina;125000;311700;94200;2389300
Berlín_Línea de mano fija continental;10000;20000;12900;116500
Rincón del Mar_Red de enmalle de encierro marina;25275;96000;49350;1480800
Rincón del Mar_Buceo marino mixto;3000;75000;18400;398800
Guazo_Red de enmalle fija continental;5000;8000;5000;83155
Tapegua_Red de enmalle fija continental;13600;28600;40000;280000
Tapegua_Atarraya;4200;12600;19600;80600
Champaché_Atarraya;55000;88000;66500;432500
Las Flores_Red de enmalle de deriva marina;184000;222000;156640;1884600
Puerto Chucha_Red de enmalle fija marina;23000;61000;47300;384500
Champaché_Red de enmalle fija marina;30150;131600;31700;333130
Guazo_Chinchorro continental;5700;12900;73435;470900
Nueva Ola_Chinchorro continental;4600;46200;37655;687565
Champaché_Línea de mano fija marina;35000;165200;34900;362000
Puerto Chucha_Red de enmalle de deriva marina;97000;128000;120000;672000
Candelaria (Achí)_Red de enmalle fija continental; ; ;6210;59780
Puerto Chucha_Red de enmalle fija continental;9000;30600;25000;150000
El Porvenir_Línea de mano fija marina;6000;52950;21000;250850
Cecilia_Red de enmalle fija continental;5000;21000;33900;81740
Puerto Antequera_Red de enmalle fija continental ciénaga; ; ;20980;147900
Candelaria (Achí)_Palangre calandrio; ; ;10960;34060
Guazo_Red de enmalle de deriva continental;5000;8000;7000;109150
Nueva Ola_Línea de mano fija continental;5000;18000;8520;94080
Dotenedó_Red de enmalle fija marina;16000;36000;12000;183320
Las Flores_Red de enmalle fija marina;85000;218000;115290;1087065
Guazo_Palangre calandrio;5000;8400;9000;93375
Nueva Ola_Red de enmalle de deriva continental;2000;10000;8250;91320
Cecilia_Atarraya;6000;7000;36500;78750
Puerto Pozuelo - La Rinconada_Red de enmalle fija continental;4000;16970;6000;130000
Las Flores_Línea de mano fija marina;12450;25550;26510;195730
Ciénaga de Mesolandia_Red de enmalle fija continental;6000;15000;13000;143700
Arquimedes_Atarraya;8000;26000;17000;180750
Maracayo_Red de enmalle fija continental;1000;5000;8000;116250
Carrizal_Red de enmalle fija marina;14000;40000;79535;526050
Ciénaga de Mesolandia_Atarraya;4900;11500;10000;48000
Bahía de Cispatá_Palangre o espinel de fondo;7000;19750;15000;107400
Bahía de Cispatá_Red de enmalle de encierro marina;12600;33000;27500;228500
Agropez_Atarraya;55000;60000;148000;704000
Bahía de Cispatá_Línea de mano fija marina;5000;47000;8000;260800
Bahía de Cispatá_Atarraya;5000;14000;8000;105200
Palenquito_Red de enmalle fija continental;10000;14000;31940;5,00E+05
Docordó_Red de enmalle de deriva marina;66000;136000;85850;1011675
Puerto de Gamarra_Chinchorro continental;85000;85000;2294000;2294000
Pueblo Nuevo (Barrancominas)_Red de enmalle fija continental;6000;6000; ; 
Santropel - San Sebastián_Red de enmalle fija continental;9000;27440;20000;257225
La Peinada_Red de enmalle fija continental;5000;11000;11000;108450
Pueblo Nuevo (Barrancominas)_Línea de mano fija continental;6000;6000;14300;19700
La Peinada_Atarraya;5000;11000;12000;81000
Bahía de Cispatá_Red de enmalle fija marina;9000;44000;15700;203000
Santa Clara_Red de enmalle fija continental;2200;3200;23470;96620
Puerto Asure_Red de enmalle fija continental;1600;54000;13600;233900
Bahía de Cispatá_Chinchorro marino;26000;106500;69000;729300
Puerto del Pescado (San José Del Guaviare)_Red de enmalle de deriva continental;7000;10300;43400;528200
Taganga_Línea de mano fija marina;63000;103000;50090;592510
Taganga_Red de enmalle fija marina;26000;141000;31940;516430
Puerto Asure_Palangre calandrio;8250;56000;16030;244975
Puerto Asure_Chinchorra;20400;61600;57520;747100
Damaquiel_Red de enmalle fija marina;46000;301910;92090;1746075
Jodedor_Red de enmalle fija marina;45000;70000;44900;453000
Jodedor_Red de enmalle de deriva marina;69250;150000;51000;928700
Taganga_Chinchorro velao;50000;146000;90000;3098400
Puerto Serviez_Atarraya;20350;85700;33940;645890
Betania (Montecristo)_Red de enmalle fija continental;18000;18000;16220;141020
Puerto La Candelaria_Red de enmalle fija continental;8150;33000;20000;168600
Playa Necoclí_Red de enmalle camaronera;14750;60750;8200;149300
El Puente_Atarraya;2000;10000;40220;141360
Puerto Serviez_Palangre calandrio;25000;106500;56490;734760
Playa Blanca (Ayapel)_Red de enmalle fija continental;2000;16000;17000;80570
Belén (El Banco)_Red de enmalle fija continental ciénaga;33000;126000;63900;220000
Morrosquillo_Línea de mano fija marina;3000;83700;5000;233850
Jodedor_Red de enmalle de encierro marina;90000;110000;157100;4071100
Santropel - San Sebastián_Atarraya;800;6180;12595;102300
Puerto Serviez_Red de enmalle de deriva continental;39250;96250;164000;941750
Morrosquillo_Atarraya;2800;4305;4000;104800
Palomino_Red de enmalle fija continental;7500;14000;21030;112620
El Puente_Red de enmalle de deriva continental;5000;10500;19150;74050
Puerto Serviez_Red de enmalle fija continental;47000;95000;163300;1067050
Morrosquillo_Línea de mano correteo curricán o trolling;11000;23300;9000;161400
Jodedor_Línea de mano fija marina;95000;350000;88000;1602800
Taganga_Buceo de peces;99000;114000;137200;1083040
Belén (El Banco)_Chinchorro continental;38000;136000;45840;293080
Los Tendales_Red de enmalle fija continental;10000;24000;33000;126040
El Puente_Atarraya rastra;5000;7000;21240;66275
Puerto Ciénaga de Paredes_Red de enmalle fija continental;2500;15000;79500;124000
Pueblo Lindo o Caimanera_Red de enmalle fija continental; ; ;14600;95220
Cispataca_Red de enmalle fija continental; ; ;5400;111540
El Puente_Red de encierro rastra;3500;24500;34950;218310
Villa Venecia_Red de enmalle de encierro continental;7335;12130;25000;372950
Villa Venecia_Red de enmalle fija continental;7300;16000;17000;313350
Puerto La Candelaria_Chinchorro continental;9000;40000;10000;383500
El Puente_Red de enmalle fija continental;2000;12400;32400;97050
Puerto Serviez_Chinchorra;50500;112250;147800;575425
La Mata_Chinchorra;32070;47800;44430;320230
Cabo Marzo_Palangre o espinel de fondo;1833200;4020720;2534400;10407920
Guineal_Red de enmalle fija marina;6050;67475;27000;235500
Puerto Simití_Red de enmalle fija continental;5500;16445;59510;134435
Sivirú_Red de enmalle fija marina;7000;63000;21000;523500
La Playa (El Banco)_Red de enmalle de deriva continental;10000;108720;24000;241480
La Mata_Nasas de Peces;91130;162200;111600;355940
Desembarcadero (Murindó)_Red de enmalle fija continental;3000;26200;16550;261900
Rincón_Atarraya;6525;10800;5000;71500
Puerto Simití_Atarraya;2400;4200;27550;73700
Macurutú - Saloa_Atarraya;9000;21000;24000;110080
Nueva Estrella_Red de enmalle fija continental; ; ;14995;135000
Guineal_Palangre o espinel de fondo;10000;91000;25800;330600
Rincón_Red de enmalle fija continental;7100;16510;15450;190550
Chapinero_Atarraya;33000;63000;75000;546250
Las Tenazas_Línea de mano fija marina;12000;28000;15550;212450
La Playa (El Banco)_Chinchorra;16000;97200;66000;230200
Bahía de Santa Marta_Línea de mano fija marina;10000;30000;14000;337200
Rincón_Red de enmalle de encierro continental;8180;11330;6900;281200
Guineal_Red de enmalle de encierro marina;10000;77425;19800;209600
Muelle Las Flores_Red de enmalle de deriva marina;140900;372750;336415;1948635
Puerto Triunfo_Palangre calandrio;19000;36000;25305;251755
Muelle Las Flores_Palangre o espinel de fondo;185000;449500;335775;1125600
La Isla de los Palacios_Red de enmalle fija continental;15000;15000;12030;118955
Bocas del Atrato_Red de enmalle fija marina;11500;15500;50500;254250
Puerto Montecristo_Atarraya;6400;12100;32480;213720
Puerto Triunfo_Atarraya;14800;28200;26350;248925
Barrio Arriba - Barbosa (Magangué)_Red de enmalle de deriva continental;1000;3000;12800;128400
Mercado (Lorica)_Atarraya;8900;26000;13000;120000
Barrio Santa Lucía_Red de enmalle fija marina;32000;89000;27750;588750
Puerto Amor_Red de enmalle fija continental;1500;37000;9000;142000
Barrio Arriba - Barbosa (Magangué)_Red de enmalle fija continental;1000;2000;6000;64000
Puerto Amor_Chinchorra;4000;71200;32100;427250
Arquimedes_Línea de mano fija marina;5000;11000;6000;68000
Plaza de mercado (La Dorada)_Atarraya;35000;51500;37890;225000
Puerto Colorado_Línea de mano fija continental;12000;18000;10500;165230
Plaza de mercado (La Dorada)_Palangre calandrio;10000;35000;30000;190000
San José_Chinchorra;59000;104100;565030;1329090
Puerto Colorado_Chinchorro continental;12000;18000;30400;1102600
La Mata_Red de enmalle fija continental;21000;33200;20000;181900
Pomeño_Red de enmalle de deriva marina;24750;155500;58800;782500
Plaza de mercado (La Dorada)_Chinchorra;45500;130000;91500;767800
Puerto Amor_Palangre calandrio;1000;39700;9000;142700
Doña Ana_Red de enmalle fija continental;1000;10800;5100;90700
Mercado (Lorica)_Red de enmalle fija continental;1000;30700;20000;246400
El Malecón (Neiva)_Atarraya;40000;62200;122300;476580
Tasajera La Playa_Red de enmalle fija marina;45000;140000;59240;623980
Puerto Real - Saloa_Red de enmalle fija continental;5000;32000;12000;187200
Bocas del Atrato_Palangre o espinel de superficie;10500;13500;26300;265700
La Boquilla_Atarraya;2000;9000;25000;129500
El Ferry_Red de enmalle de deriva continental;3600;40900;10810;221930
La Boquilla_Red de enmalle fija marina;5000;63050;20000;220000
Puerto Real - Saloa_Chinchorra;34050;102700;76000;681200
Aparca_Atarraya;43000;130000;147200;967500
Muelle La Samaritana_Palangre o espinel de fondo;211500;505000;295500;2180000
Tasajera La Playa_Palangre o espinel de fondo;30000;220000;91080;816170
Tasajera La Playa_Red de enmalle de encierro marina;110000;210000;234480;3116500
Puerto del Cerrito_Red de enmalle fija continental ciénaga;2000;55000;10195;176050
Aparca_Red de enmalle fija continental;56200;170300;338800;1774100
Locadía_Línea de mano fija marina;5000;19300;16000;162250
Sicará_Red de enmalle fija continental;10000;20500;10000;93250
Clarinetero_Atarraya;11600;61800;52865;561345
Puerto Bogotá_Cóngolo; ; ;20000;126500
Aparca_Arpón;89300;180200;377300;1182600
Puerto Bogotá_Atarraya; ; ;23000;195000
Barrio La Unión_Atarraya;15000;57500;25750;176850
Puerto Rico [Meta]_Palangre calandrio;52200;101800;96450;844410
Marralú_Chinchorro continental;14000;54375;68775;5,00E+05
Virudó_Red de enmalle de deriva marina;36000;74000;48000;1200000
Puerto Franco_Atarraya;600;880;11730;98450
El Muelle (Barrancabermeja)_Chinchorra;96350;281900;353450;1425350
Yaguará_Atarraya;27000;35000;77000;377510
Puerto Franco_Red de enmalle fija continental;800;2000;13900;210055
El Pájaro_Red de enmalle de deriva marina;18000;60000;12000;264000
Barrio La Unión_Red de enmalle fija marina;6000;32300;10000;128725
Yaguará_Red de enmalle fija continental;14000;38000;56320;508660
Virudó_Atarraya;36000;40000;66000;285000
Yaguará_Chinchorra;22000;36000;90120;588260
Bocas de Seheve_Red de enmalle fija continental;10000;15000;9140;126530
El Ferry_Chinchorra;8600;67500;35700;400920
Playa Pescadores - Capurganá_Línea de mano fija marina;3000;241000;19435;1903800
Tajamar Occidental_Línea de mano cometa;8000;10000;83300;277000
Puerto Bello_Red de enmalle fija continental;11000;31000;22010;157150
Dorada_Atarraya;1200;2000;22625;195000
Marralú_Palangre calandrio;3000;9600;21935;193785
Dorada_Red de enmalle de encierro continental; ; ;88160;273460
Policía fluvial (Quibdó)_Línea de mano fija continental;5000;53100;38300;407600
Dorada_Red de enmalle fija continental; ; ;12100;125700
Marralú_Atarraya;4000;16000;14900;240000
Policía fluvial (Quibdó)_Red de enmalle fija continental;8000;50400;39045;727915
Guineal_Línea de mano fija marina;6550;26100;15150;111900
Tajamar Occidental_Red de enmalle de deriva marina;51500;69000;40000;606800
Puerto Bello_Chinchorro continental;24500;51000;123800;389450
El Ferry_Red de enmalle fija continental río;5600;26540;11700;134880
Concepción - Tacamocho_Chinchorra;18000;36480;117240;742780
Montaño_Red de enmalle fija continental;17000;34000;7000;207500
Barrio La Unión_Palangre o espinel de fondo;10000;34550;9000;210000
Puerto Wilches_Chinchorra;81000;122000;144900;925050
Doña Ana_Palangre calandrio;2000;9800;20640;125840
Puerto Wilches_Chinchorra mallona;79000;164900;240950;1568100
Puerto del Cerrito_Chinchorro continental;51000;247600;84000;668500
Barrio Pambelé_Red de enmalle fija marina;20000;82800;38400;708000
Puerto Wilches_Línea de mano fija continental;108600;238200;230600;1988000
Arroyito_Línea de mano fija marina;3000;70000;19850;167680
Bahía de Santa Marta_Línea de mano correteo curricán o trolling;15000;80000;15000;320000
El Pájaro_Red de enmalle fija marina;18000;55000;19700;142300
Puerto Boca_Chinchorro continental;24000;39350;65000;554000
Barrio La Unión_Línea de mano correteo curricán o trolling;40900;79250;8000;210000
Arroyito_Atarraya;2000;4000;9840;57460
Purricha_Palangre o espinel de fondo;2000;28625;24000;374700
Mulatos_Red de enmalle fija marina;10000;143500;59150;1232300
Doña Ana_Chinchorro continental;27400;40300;31260;373500
Popoya Playa_Red de enmalle fija marina;18000;18000;22800;117000
Arroyito_Palangre o espinel de fondo;8000;9000;16990;77420
Puerto Maco/Puerto Momico_Palangre calandrio;26000;29000;101340;242500
Loma - San Sebastián_Red de enmalle fija continental;7640;36000;20600;326600
Las Brisas_Red de enmalle fija continental;7000;24000;13565;207680
Bahía de Santa Marta_Red de enmalle fija marina;10000;15000;18800;179000
San Antonio de Padua_Red de enmalle de deriva continental;8000;46000;18785;189890
Loma - San Sebastián_Red de enmalle de encierro continental;24400;63000;191600;751800
Puerto Maco/Puerto Momico_Red de enmalle fija continental;22000;24000;113440;263640
Pizarro_Red de enmalle de deriva marina;15000;887000;85000;4291000
Las Brisas_Palangre calandrio;8000;8000;12100;72600
Pizarro_Red de enmalle fija marina;21000;58000;29200;1257975
Chacón_Red de enmalle fija marina;90000;147000;187250;785500
Puerto Maco/Puerto Momico_Atarraya;27500;40500;194805;407305
Cecilia_Palangre calandrio;5000;14000;29960;80650
Mayapo_Buceo de langosta;17000;31000;41600;431600
Casino_Palangre o espinel de fondo;3300;350000;32175;1016390
Guacamayo_Red de enmalle fija continental;5000;10000;4860;122800
Mayapo_Línea de mano fija marina;25000;41000;42900;216600
San José_Atarraya;1550;2000;32775;102125
Guacamayo_Chinchorro continental;16250;75000;47800;947340
San José_Nasas de Peces;25000;75000;167835;441970
San José_Red de enmalle fija continental;1100;11000;30900;99180
Caño Grande_Atarraya;2000;7000;12280;96950
Guacamayo_Cóngolo;10900;20000;8650;124600
Caño Grande_Red de enmalle fija continental;8000;8000;6000;111340
Palomar_Red de enmalle fija continental;4000;10000;9000;81000
Bazurto_Red de enmalle fija marina;58000;148100;92900;847250
Poportín_Red de enmalle fija marina;28000;38000;25000;130300
Casco Urbano (San Juan de Urabá)_Red de enmalle fija marina;39475;435700;60000;1401400
Poportín_Buceo marino mixto;25000;25000;24900;423100
Palomar_Palangre calandrio;6000;9400;10050;85900
Poportín_Nasas de Peces;25000;34500;85000;248750
Cabo de la Vela_Red de enmalle langostera;8000;20000;14000;132000
Cabo de la Vela_Línea de mano fija marina; ; ;17000;79000
Pomeño_Palangre o espinel de fondo;24000;40000;11000;177600
Villa Fátima_Red de enmalle de encierro marina;193000;250000;71200;688800
Palomar_Línea de mano fija continental;5350;10000;11635;101160
Palomar_Red de enmalle de deriva continental;6200;20000;31050;372895
Puerto Boquillas_Red de enmalle fija continental;9150;17025;14000;279400
Puerto principal (San Vicente del Caguán)_Red de enmalle de deriva continental;63500;103500;214400;598250
Primera Ensenada_Línea de mano fija marina;85200;124000;172200;353800
Tagachí_Red de enmalle fija continental;18000;37450;6000;137900
Vida Tranquila_Red de enmalle fija continental;8000;31950;11000;115000
Vida Tranquila_Chinchorro continental;8000;50000;24490;305600
Vida Tranquila_Palangre calandrio;2000;20000;17775;139700
Vida Tranquila_Red de enmalle de deriva continental;3000;23000;12650;174850
Belén (San Marcos)_Red de enmalle fija continental;600;10500;14700;113125
Puerto Arriba (Dibulla)_Red de enmalle fija marina;37700;120000;53625;695250
Sempegua_Red de enmalle fija continental;5000;43250;12000;135850
Sempegua_Chinchorra;17600;79250;71075;348750
Belén (San Marcos)_Red de enmalle de deriva continental;5395;8300;16825;51105
La Grande_Red de enmalle fija continental;20925;38000;25000;358200
Puente Chambacú - Río Jella_Línea de mano fija marina;120200;733175;244475;2251325
Purricha_Red de enmalle fija marina;2000;76800;33100;550000
Puente Chambacú - Río Jella_Línea de mano correteo curricán o trolling;142000;720000;337920;3052000
Curillo_Línea de mano fija continental;36000;86500;133000;805000
La T_Red de enmalle de encierro marina;193000;254000;180000;2691700
La Chamba_Atarraya;3000;30700;41025;411650
Berrugas_Red de enmalle de encierro marina;36000;160000;87750;583600
Manaure Centro_Red de enmalle de encierro marina;185000;298000;113825;3181550
Berrugas_Línea de mano fija marina;2000;12170;19900;118200
Berrugas_Buceo de peces;2000;10200;30000;361500
Puerto de desembarco (Mitú)_Línea de mano fija continental;9700;35000;39100;275000
La Punta - Firme Cifuentes_Red de enmalle de deriva marina;45000;1,00E+05;70000;753900
Punta Ardita_Línea de mano fija marina;30000;51650;56000;309350
Puente Chambacú - Río Jella_Palangre o espinel de fondo;142000;3,00E+06;482040;8440850
La Punta_Buceo de caracol;10250;35000;11000;40000
Berrugas_Chinchorro marino;65000;186000;90200;825200
El Llanito_Atarraya;8000;56800;30000;277000
Domingodó_Red de enmalle fija continental;36000;88000;20000;529000
Santa Rosa_Red de enmalle de deriva marina;18000;23000;90000;207750
Puerto Abajo (Dibulla)_Chinchorro camaronero;10000;80000;18000;232500
Puerto Abajo (Dibulla)_Red de enmalle fija marina;60000;105000;28000;648250
Muelle La Samaritana_Red de enmalle de deriva marina;160000;386250;453875;2310250
Villanueva_Red de enmalle fija continental; ; ;7000;31790
Santa Rosa_Buceo marino mixto;18000;38000;275000;644850
Orpua_Red de enmalle fija marina;17000;135600;45000;577050
Casco Urbano (San Juan de Urabá)_Palangre o espinel de fondo;74075;91210;64250;997500
Codis_Red de enmalle fija marina;23000;55000;100400;494850
Puerto Chaparro_Red de enmalle de deriva continental;3000;85000;43040;808180
Puerto Los Córdobas_Red de enmalle fija marina;15000;50000;27725;754300
Puerto (Orocué)_Red de enmalle fija continental;45450;98200;522790;2635030
Timbiquí_Red de enmalle fija marina;101175;129895;218650;926525
Méjico_Red de enmalle fija continental;10000;20000;17395;124125
La Charca de Guarinocito_Chinchorra;55000;120000;100700;1193600
Puerto Pozuelo - La Rinconada_Red de enmalle de encierro continental;18540;27860;135600;437400
Barrio Abajo (Ciénaga)_Red de arrastre artesanal o changa;40000;107800;28000;308700
Paujil_Red de enmalle fija continental;10000;196000;150260;653560
Manaure Abajo_Palangre o espinel de fondo;103000;132000;37100;1191600
Agropez_Línea de mano fija marina;85000;105000;105000;591000
Méjico_Línea de mano fija continental;15000;20000;15115;120920
Ciénaga del Totumo_Atarraya;5000;11000;18000;80000
Dotenedó_Línea de mano fija marina;16000;32000;12000;75200
Agropez_Red de enmalle fija marina;52000;80000;134550;751800
Barrio Abajo (Ciénaga)_Red de enmalle fija marina;22000;75000;21000;213600
Méjico_Red de enmalle de deriva continental;15000;40000;44780;320420
Las Delicias_Palangre o espinel de fondo;40500;75000;87480;340100
La Tranca_Red de enmalle fija continental;2700;4300;13910;147170
La Casa del Pescador_Red de enmalle de deriva marina;115250;170500;60250;761625
Puerto Boca_Red de enmalle de deriva continental;2000;17900;24000;97200
Puerto Boca_Atarraya;2000;14000;30600;168800
Orejero_Red de enmalle fija continental;3000;7000;10000;84600
Manaure Abajo_Red de enmalle de encierro marina;185000;298000;111975;5482250
La Tranca_Red de enmalle zangarreo;3650;6000;71990;313460
El Puerto (Puerto Carreño)_Palangre calandrio;12450;17550;44235;74985
El Puerto (Puerto Carreño)_Línea de mano fija continental;84800;260000;134860;506800
Barrio Chino_Red de enmalle fija continental;5950;8000;20660;160925
Villanueva_Red de enmalle de deriva continental;800;800;13200;50340
Bocas de Seheve_Red de enmalle de encierro continental;10000;15250;19425;283750
Barrio Chino_Red de enmalle de deriva continental;6000;7800;17660;252400
Laguna Colorada_Red de enmalle fija continental;3000;6000;18970;139335
Armenia_Red de enmalle fija continental;6500;35000;22800;202800
La Rampa (Barrancabermeja)_Atarraya;103750;222250;673700;7827750
Cangrejito_Red de enmalle fija marina;3000;60950;9000;279400
La Rampa (Barrancabermeja)_Chinchorra;1,00E+05;247000;313800;4406200
Buenavista (La Dorada)_Red de enmalle de deriva continental;6000;58140;18720;588360
Buenavista (La Dorada)_Atarraya;8000;42350;23220;264190
Santa Clara_Atarraya;1800;2800;33950;191350
Bocanegra_Chinchorro marino;47100;94900;40600;1217500
Buenavista (La Dorada)_Palangre calandrio;22500;48450;27780;193320
Bocanegra_Red de enmalle de encierro marina;6200;22800;22050;198600
Bocanegra_Atarraya;900;11530;12275;89700
Puerto Chaparro_Atarraya rastra;76500;201400;719300;3632600
Puerto Chaparro_Línea de mano fija continental;22500;125500;58395;660525
Los Tendales_Atarraya; ; ;37500;65780
Barrio Chino_Línea de mano fija continental;5050;5950;6520;122470
Puerto Chaparro_Chinchorro continental;70000;160450;145825;1875585
Puerto La Candelaria_Atarraya;10000;81300;27300;453100
Ica-Copipa_Red de enmalle fija marina;20240;119800;76970;1511050
Bocanegra_Red de enmalle fija marina;1200;36500;24850;148250
Nueva Colonia_Red de enmalle de encierro marina;120000;374000;246600;854800
Barrio Abajo (Ciénaga)_Red de enmalle de encierro marina;90000;390000;92000;3142200
Puerto Chaparro_Red de enmalle fija continental;14000;97450;35550;567060
Nueva Colonia_Red de enmalle fija marina;2,00E+05;420000;335800;1304100
Cartagena del Chairá_Palangre calandrio;19700;99900;71750;1282750
Playa de Arusí_Palangre o espinel de fondo;40000;102600;52575;831150
Malecón (Puerto Gaitán)_Palangre calandrio;130000;497000;136420;1107420
Puerto Chaparro_Atarraya;9475;165350;31800;910025
Playa de Arusí_Línea de mano fija marina;18800;115000;72000;1158700
Caño Lobo_Atarraya;12225;28800;16000;120000
Cupica_Línea de mano fija marina;63000;98000;72000;894000
Puerto de las Canoas (Puerto Berrío)_Atarraya;55000;207550;278825;1262705
Caño Lobo_Buceo de caracol;9000;16000;20000;110000
Caño Lobo_Recolección manual de ostra;12000;16000;20000;144300
Caño Lobo_Línea de mano fija marina;12000;18000;16000;121500
Puerto de las Canoas (Puerto Berrío)_Chinchorra;59600;481300;351880;3949860
Caño Lobo_Nasa de jaibas;18000;25000;30000;129100
Honda_Atarraya;9000;84550;34095;198990
Puerto Panseguita_Palangre calandrio;1120;37400;19920;106395
La Punta - Firme Cifuentes_Palangre o espinel de fondo;30000;80000;67500;409200
Honda_Chinchorra;67800;152800;174440;419100
El Pedral_Red de enmalle de deriva continental;6000;47000;20000;360450
Lamas_Atarraya;3010;14000;8000;106000
Puerto Panseguita_Red de enmalle fija continental;2000;10000;4500;1,00E+05
Casco urbano (Puerto Escondido)_Red de enmalle fija marina;10000;69000;20000;340000
Puerto Panseguita_Red de enmalle de deriva continental;18730;27000;28000;240000
Zapata_Red de enmalle camaronera;30250;146000;50000;1650900
Caño Lobo_Red de enmalle fija marina;13500;24000;20000;201500
Puerto Cabuyaro_Chinchorro continental;84000;145400;432800;955420
Sempegua_Chinchorro continental;81200;139000;230245;1028850
Sapzurro_Línea de mano fija marina;16000;233680;250200;2130460
Lamas_Red de enmalle de encierro continental;8500;30425;24900;383000
Camarones_Red de enmalle de deriva marina;45000;90000;27875;613750
Costilla_Red de enmalle fija continental;9200;21690;20000;144350
Puerto de Gamarra_Chinchorra;80000;120000;210475;667625
El Pedral_Red de enmalle fija continental;5000;10000;20000;170000
Puerto Chucha_Red de enmalle de encierro marina;22000;71600;80000;573500
El Pedral_Atarraya;5000;9400;10000;95500
Puerto El Waffe marino_Red de enmalle fija marina;314000;346000;614025;705950
Desembarcadero (Supía)_Atarraya;5000;13000;44800;102640
Rincón del Mar_Línea de mano fija marina;3000;99000;20000;1020000
Costilla_Nasas de Peces;12000;34575;13820;119200
Pomeño_Red de enmalle fija marina;32000;101800;43500;642500
Puerto Principal (Puerto Lleras)_Línea de mano fija continental;69000;101200;65600;529000
Puerto Principal (Puerto Lleras)_Atarraya;55450;86350;186700;577100
Casco Urbano (Arauca)_Atarraya;47925;251000;157650;738700
Belén (San Marcos)_Chinchorra;23625;33150;65925;198625
Milagros de la Mar_Red de enmalle de deriva marina;78200;153000;70500;966100
San José de la Calle_Red de enmalle fija continental;15000;15000;12430;521580
La Boquilla_Chinchorro marino;30000;80000;56900;1721700
El Llanito_Palangre calandrio;38000;77000;80000;525000
Mayapo_Red de enmalle langostera;39000;56000;63350;377650
San Nicolás (Santa Cruz De Mompox)_Red de enmalle fija continental;1800;19760;9000;82165
La Gloria_Red de enmalle fija continental;14850;40750;50960;232970
La Gloria_Chinchorra;72350;120000;119050;920425
San Nicolás (Santa Cruz De Mompox)_Palangre calandrio; ; ;17125;126900
La Raya_Red de enmalle de deriva continental; ; ;10600;72050
La Raya_Red de enmalle fija continental; ; ;14880;77000
Riosucio_Red de enmalle fija continental;60000;150000;148735;761455
Puerto principal (San Vicente del Caguán)_Atarraya;46800;113800;98240;706020
Puerto Abajo (Dibulla)_Nasas de Peces;95000;140000;42000;406500
Honda_Línea de mano fija continental;29800;78200;48000;177240
San Miguel (Puerto Gaitán)_Red de enmalle de deriva continental;16800;274400;65160;999100
San Nicolás (Nechí)_Palangre calandrio;10000;59200;12830;299820
San Miguel (Puerto Gaitán)_Palangre calandrio;10000;59400;21000;367540
San Nicolás (Nechí)_Red de enmalle de deriva continental;3000;47800;19050;301650
San Nicolás (Nechí)_Línea de mano fija continental;11750;77650;13100;436335
San Nicolás (Nechí)_Red de enmalle fija continental;3950;40000;15820;242340
San Miguel (Puerto Gaitán)_Atarraya;18000;81250;26210;481260
San Nicolás (Nechí)_Atarraya;14800;56100;23950;395600
Buchadó_Red de enmalle fija continental;10000;62000;5180;219840
Virudó_Línea de mano fija marina;33750;44000;24000;261600
Bazurto_Línea de mano fija marina;50000;173800;69500;1095900
San Nicolás (Nechí)_Chinchorro continental;79000;199200;135700;3098260
Villanueva_Chinchorro continental;2000;4000;81900;220680
Virudó_Red de enmalle fija marina;36000;44800;48000;314400
Villa Venecia_Atarraya;4925;10500;13850;76500
El Ferry_Red de enmalle fija continental ciénaga;13135;41930;17000;193840
Puerto Miraflores_Red de enmalle fija marina;109200;358800;219100;2636900
Chamuscado - Naya_Red de enmalle fija marina;40000;73325;39000;320100
Chamuscado - Naya_Red de enmalle de deriva marina;42250;110000;52750;563000
Río San Miguel_Red de enmalle de deriva continental;6000;28000;26350;361150
Palanca_Palangre calandrio;2370;7900;7810;78585
Palanca_Red de enmalle fija continental;645;1200;6000;110180
Puerto Boyacá_Chinchorra;74250;115000;257205;1343625
Puerto Boyacá_Atarraya;60000;114750;162050;1411700
Usaragá_Red de enmalle de deriva marina;2400;52600;23750;289500
Usaragá_Línea de mano fija marina;3000;36000;20550;103000
Jurubirá_Línea de mano fija marina;51000;115000;26700;366720
Palanca_Red de enmalle de deriva continental;6400;13000;5975;201080
Palanca_Línea de mano fija continental; ; ;4790;28090
Río San Miguel_Red de enmalle fija continental;5000;47000;46050;670050
Playa Nueva_Palangre o espinel de fondo;84300;198100;128450;867450
Playa Nueva_Red de enmalle de deriva marina;43000;104550;132000;729750
El Muelle (Barrancabermeja)_Atarraya;106200;316000;293400;1859200
Plaza de mercado (La Dorada)_Red de enmalle de deriva continental;66500;140000;220470;1643160
La Playa (El Banco)_Chinchorro continental;101000;289280;174240;822960
Juanchaco_Línea de mano fija marina;64350;269000;118600;1213300
Playa de Arusí_Línea de mano correteo curricán o trolling;17125;79250;52500;378500
Juanchaco_Red de enmalle de deriva marina;105500;154500;137600;993400
Puerto del Pescado (San José Del Guaviare)_Red de enmalle fija continental;8000;8850;97900;253600
San Antonio de Padua_Red de enmalle fija continental;14000;74000;26610;453355
Robles_Red de enmalle fija continental;9000;28000;29800;298000
Punta de blanco_Red de enmalle fija continental;2000;10000;8000;113745
Robles_Red de enmalle de encierro continental;7000;12830;31700;186900
Punta Bonita_Red de cerco;640000;930000;1249500;18930900
Mapiripán_Red de enmalle de deriva continental;26400;143000;50155;735280
Barrio La Unión_Aros;20000;50000;49750;282000
Punta Bonita_Palangre o espinel de fondo;64000;135250;105400;724600
Punta Bonita_Red de enmalle de deriva marina;64000;188000;174500;1112125
Puerto Barrio El Progreso_Atarraya;20000;45000;84320;280100
Puerto Barrio El Progreso_Línea de mano fija continental;28150;41850;65175;198150
Puerto Barrio El Progreso_Red de enmalle de deriva continental mallona;36500;49500;94600;373600
Puerto Asure_Atarraya;6000;24800;26750;138000
Bahía de Santa Marta_Buceo de peces; ; ;11250;119250
Cooperativas - Pueblo Nuevo_Red de enmalle de deriva marina;284000;1450000;535100;5527200
Pesqueras - Pueblo Nuevo_Palangre o espinel de fondo;2607500;6148000;2956300;17437700
Puerto Amor_Atarraya;1000;16000;12750;78500
San Alejandro_Red de enmalle fija continental;16000;36000;7440;190020
Puerto Arriba (Dibulla)_Red de enmalle langostera;30000;118350;40950;605000
Puerto Arriba (Dibulla)_Red de enmalle de encierro marina;91000;190000;89560;5172170
Puerto Arriba (Dibulla)_Nasas de Peces;139700;220000;694135;1584975
Mayapo_Red de enmalle fija marina;20000;30500;30300;185700
La T_Nasas de Peces;129000;153000;495100;1417990
Candelaria (Chimichagua)_Red de enmalle fija continental;7000;26920;17600;120480
Candelaria (Chimichagua)_Chinchorra;15000;100400;37160;502320
Providencia o Caimancito_Red de enmalle fija continental; ; ;3000;27560
Cabo Marzo_Línea de mano fija marina;526000;2680000;908500;8235875
La Punta_Buceo marino mixto;8900;88100;11450;138950
Rincón del Mar_Nasa de langostas;37000;73000;97500;1012500
Taganga_Nasas de Peces;89650;139000;170800;1292240
Docordó_Palangre o espinel de fondo;69800;120000;36350;1257000
Puerto La Candelaria_Red de enmalle de deriva continental;8000;9750;13500;69900
Jodedor_Red de enmalle langostera;45000;95000;76000;833750
El Puerto (Tumaco)_Red de enmalle de deriva marina;90000;450000;609000;3369400
Playa Necoclí_Red de enmalle fija marina;31000;426250;35000;1322250
Dotenedó_Recolección manual de piangua;16000;16000;17640;137200
Playa Necoclí_Red de enmalle fija marina campaña;85000;498500;384000;2754000
Bazán La Bocana_Red de enmalle fija marina;17000;102000;47835;496940
Concepción - Tacamocho_Red de enmalle fija continental;15500;20680;9900;82020
Desembarcadero (Juradó)_Red de enmalle fija marina;245000;5,00E+05;768500;1639500
La Chamba_Línea de mano fija continental;2000;21800;10710;175420
Cangrejito_Línea de mano fija marina;3000;7000;7000;22500
Cangrejito_Palangre o espinel de fondo;4800;178400;16400;1849600
Sivirú_Línea de mano fija marina;4000;26800;12600;72000
Puerto Barrio El Progreso_Red de enmalle fija continental;19000;48550;56835;297770
Muelle Hong Kong_Atarraya;12000;21600;17000;74400
Muelle Hong Kong_Red de enmalle fija continental;15000;44600;21750;376750
Muelle Hong Kong_Línea de mano fija continental;14300;63900;56520;768600
Mayapo_Nasas de Peces;24000;37200;185600;503200
Miramar - Bahía Málaga_Red de enmalle fija marina;5000;56000;52200;974600
Mercado (Lorica)_Red de enmalle de encierro continental;17800;52400;220200;416800
Casco Urbano (San Juan de Urabá)_Arpón;121890;147090;105975;141525
Tagachí_Red de enmalle de deriva continental;17000;82000;40100;1250570
Puerto Arriba (Dibulla)_Chinchorro camaronero;25750;118750;33750;1045550
La Boquilla_Línea de mano fija marina;101800;189100;102000;667000
Curillo_Palangre calandrio;52000;98900;63580;623660
Santuario_Atarraya;17500;40000;164000;423000
Isla Fuerte_Buceo marino mixto;3500;50325;56000;443700
Santuario_Red de enmalle de deriva continental;30000;123750;303750;1095625
Milagros de la Mar_Red de enmalle fija marina;25500;93500;18500;149250
Puerto Abajo (Dibulla)_Palangre o espinel de fondo;101500;110000;31000;229000
Isla Fuerte_Nasa de langostas;163300;207000;254000;1330000
Charambirá_Palangre o espinel de fondo;72000;156000;154750;1255000
Betania - Naya_Palangre o espinel de fondo;78750;114500;47975;518550
Charambirá_Red de enmalle fija marina;27000;90000;119000;730800
Isla Fuerte_Red de enmalle fija marina;8425;42875;33300;204900
Betania - Naya_Palangre o espinel de superficie;42300;71800;272000;1032800
Betania - Naya_Red de enmalle de deriva marina;75000;224600;119400;1852440
Santa Cruz - Naya_Red de enmalle de deriva marina;80850;165450;67055;1231960
La Rampa (Barrancabermeja)_Red de enmalle de deriva continental;108500;233000;248400;2904150
Puerto Miraflores_Línea de mano fija marina;107000;325050;105000;2260600
Arrimadero La Unión_Palangre o espinel de fondo;84000;834500;488200;6521200
Arrimadero La Unión_Línea de mano fija marina;98000;497000;563625;5518800
Puerto Miraflores_Palangre o espinel de fondo;115900;235400;205500;852750
Arrimadero La Unión_Red de enmalle fija marina;85700;3,00E+05;440300;4580350
Arrimadero La Unión_Red de enmalle marina de fondo;80500;128000;250200;2270700
Miel de Abeja_Palangre o espinel de fondo;40000;240000;107000;991700
Desembarcadero (Juradó)_Línea de mano fija marina;109750;767500;476500;4880000
Casco urbano Roma_Atarraya; ; ;17860;200910
Guataquí_Nasas de Peces;9300;29400;13200;126000
Guataquí_Palangre calandrio;7500;50000;30000;3,00E+05
Isla Fuerte_Red de enmalle de encierro marina;9000;20400;93900;295000
La Pedrera_Palangre calandrio;10200;294840;133000;1047200
La Pedrera_Red de enmalle fija continental;30620;340200;162400;1104000
La Pedrera_Red de enmalle de deriva continental;71180;206700;270600;1367500
La Pedrera_Arpón;32550;277225;170000;991500
Distribuidoras de Tumaco_Red de enmalle de deriva marina;72000;142250;58300;767000
Vigía_Red de enmalle de deriva marina;18000;28000;132400;600300
Amarales_Red de enmalle de deriva marina;25000;75000;38000;782000
San Nicolás (Santa Cruz De Mompox)_Chinchorro continental;9700;37000;30175;360650
Mantequera_Red de enmalle fija continental;11000;22000;8000;160500
La Boquilla_Palangre o espinel de superficie;6000;34000;30000;229600
Mantequera_Red de enmalle de deriva continental;2000;24000;21000;265400
Muelle Principal (Puerto Leguízamo)_Palangre calandrio;106950;126000;178375;736875
Mantequera_Palangre calandrio;8500;25500;15400;232800
Muelle Principal (Puerto Leguízamo)_Red de enmalle fija continental;16225;145000;113175;908100
Muelle Principal (Puerto Leguízamo)_Red de enmalle de deriva continental;16150;18000;198975;638650
Virudó_Palangre o espinel de fondo;18000;51500;85800;670000
Puerto de las Canoas (Puerto Berrío)_Palangre calandrio;58900;250250;230280;912005
Dotenedó_Palangre o espinel de fondo;16500;36000;24000;197500
Nueva Colonia_Red de enmalle fija continental;106000;434000;228000;1760000
Vigía de Curvaradó_Red de enmalle fija continental;30000;102000;10125;452500
Bazurto_Atarraya;19900;30050;49350;208400
Orpua_Red de enmalle de encierro marina;34000;68000;178800;1243000
Pesquera Aspabab_Red de enmalle fija marina;29500;61500;63000;567500
Pesquera Aspabab_Palangre o espinel de fondo;61500;550000;257100;2315300
Curvaradó_Red de enmalle fija continental;16000;20000;29600;490400
Jurubirá_Palangre o espinel de fondo;62000;146000;60000;824500
Laguna Colorada_Palangre calandrio;4000;8000;23000;228000
Tagachí_Línea de mano fija continental;18800;26900;18800;174840
Puerto Boca_Línea de mano fija continental;6600;18300;14050;89950
Guacamayo_Atarraya; ; ;20000;20000
La Chamba_Red de enmalle de deriva continental;14000;34750;37000;620200
Casino_Línea de mano fija marina;4500;624500;14000;2008200
El Llanito_Red de enmalle de deriva continental;38000;64475;40000;4,00E+05
Vida Tranquila_Atarraya;6400;25000;15435;121400
Puerto de Bolombolo_Palangre calandrio;16000;45000;9200;250000
Puerto de Bolombolo_Atarraya;20000;30000;60145;422765
El Roto_Red de enmalle fija continental;32750;54000;24040;143890
Corozal_Red de enmalle fija marina;97980;135265;397550;1409700
San Alejandro_Red de enmalle de deriva continental;16000;32000;28400;205250
Puerto Antequera_Chinchorro continental;28000;55500;162720;622140
Caño Lobo_Palangre o espinel de fondo;13200;18975;27500;44250
Puerto Chaparro_Cóngolo;2000;81000;73600;659400
Cartagena del Chairá_Red de enmalle fija continental;35000;119000;142400;592000
Nueva Ola_Palangre calandrio;5000;15000;5905;70845
Berlín_Atarraya; ; ;22105;93780
Mayapo_Palangre o espinel de fondo;25700;41000;34000;238600
Puerto Cabuyaro_Red de enmalle de deriva continental;73100;98950;364130;618020
Puerto Cabuyaro_Palangre calandrio;25000;260750;63710;1034410
Puerto Cabuyaro_Atarraya;90600;114000;265840;520990
Cabo de la Vela_Nasas de Peces;10000;19000;24900;111750
Barrio Chino_Chinchorro continental;6000;8000;65520;583870
Taganga_Línea de mano - Ballestilla;88750;115000;109700;1151600
La Plata - Bahía Málaga_Palangre o espinel de fondo;15000;35000;125200;622100
La Plata - Bahía Málaga_Red de enmalle fija marina;14000;33000;30680;328920
Punta Bonita_Chinchorro marino;90200;183600;327600;2572000
Mayapo_Buceo marino mixto;19000;28000;49700;280900
Puerto Principal (Leticia)_Red de enmalle fija continental;40000;290000;198900;942000
Lamas_Red de enmalle fija continental;7000;18325;22000;165350
Pueblo Nuevo (Barrancominas)_Palangre calandrio;6000;6000;16480;229710
Bocas de Seheve_Chinchorro continental;15000;20000;62700;683000
La Rampa (Barrancabermeja)_Chinchorro continental;117200;138800;468550;604450
Miramar - Bahía Málaga_Línea de mano fija marina;10300;59500;52400;916950
Puerto de Gamarra_Palangre calandrio;43050;89750;160825;807750
Playa Totumo_Palangre o espinel de fondo;44250;3,00E+05;102800;1888800
Puerto Principal (Leticia)_Palangre calandrio;50600;272500;101500;835500
La Raya_Atarraya; ; ;18150;86495
La Raya_Palangre calandrio; ; ;22500;138000
Puerto principal (San Vicente del Caguán)_Línea de mano fija continental;53900;69000;126000;247020
Providencia o Caimancito_Atarraya;900;12300;8075;103525
Palanca_Atarraya;6000;6000;3625;44830
Pueblo Nuevo (Barrancominas)_Flecha;6000;6000; ; 
Usaragá_Palangre o espinel de fondo;3600;75400;33600;472400
Bazán La Bocana_Red de enmalle de deriva marina;1184800;1444550;3141750;4918250
Punta de blanco_Palangre calandrio;2000;5000;18300;100550
Casco Urbano (Arauca)_Línea de mano fija continental;16050;453000;99610;785145
Puerto (Arauquita)_Atarraya;14000;67800;97820;421440
Puerto de desembarco (Mitú)_Arpón;19750;41000;51500;411500
Tagachí_Atarraya;18000;18000;94985;299005
Puerto Barrio El Progreso_Chinchorra;48350;55250;110935;462660
Puerto Barrio El Progreso_Atarraya rastra;44750;55250;185175;515550
Puerto del Pescado (San José Del Guaviare)_Palangre calandrio;17800;24800;125400;309600
Puerto de desembarco (Barrancominas)_Línea de mano fija continental;6000;10000;33075;119050
Buchadó_Línea de mano fija continental;56000;107000;7720;156840
Berlín_Red de enmalle fija continental; ; ;5250;75700
Villa Fátima_Palangre o espinel de fondo;284500;320000;576100;1385800
La Gloria_Atarraya;15200;73400;60200;351280
La Gloria_Palangre calandrio;10000;50000;68120;178200
Puerto de Gamarra_Red de enmalle fija continental;45000;90300;198400;803600
Nueva Ola_Atarraya;3000;26000;25055;189720
Mayapo_Red de enmalle de encierro marina;24000;31800;113750;710900
Barrio La Unión_Línea de mano fija marina;7000;63000;10810;700650
Barrio La Unión_Red de enmalle de encierro marina;23000;51750;22025;150720
Muelle Principal (Puerto Leguízamo)_Línea de mano fija continental;14000;151000;105375;740000
Taganga_Ballestilla/Palangre parguera;1014000;1580000;1729000;13442600
Santa Clara_Palangre calandrio;5455;10075;29265;142050
Cooperativas - Pueblo Nuevo_Palangre o espinel de fondo;1680000;3525000;2932875;33275000
Candelaria (Achí)_Atarraya;1000;1000;7715;50580
Candelaria (Achí)_Red de enmalle de deriva continental;1000;3600;3880;85850
Méjico_Palangre calandrio; ; ;10025;65750
Guacamayo_Red de enmalle de encierro continental;20350;26650;50900;469200
El Porvenir_Buceo marino mixto;5000;19700;34000;235000
Cecilia_Red de enmalle de deriva continental; ; ;26575;47325
Guacamayo_Línea de mano fija continental;12000;16400;11500;147520
Pizarro_Palangre o espinel de fondo;8000;7824000;89160;12747200
El Porvenir_Atarraya;2000;12000;63000;63000
Camarones_Nasas de Peces;43750;56250;148500;835625
Puerto Arriba (Dibulla)_Chinchorro marino;111000;169000;151250;1367090
Chontal_Red de enmalle de deriva marina;16000;50000;35950;287350
Puerto Boyacá_Palangre calandrio;60000;110000;157150;1151400
Juanchaco_Red de enmalle fija marina;154500;154500;405600;1154400
Puerto Los Córdobas_Red de enmalle de deriva marina;67000;108000;48850;1458150
Clarinetero_Red de enmalle fija continental;11400;48600;49800;509790
Caño Lobo_Buceo de peces;12500;19000;18000;118200
Limones_Red de enmalle fija marina;61950;237400;295000;1457500
Nueva Colonia_Flecha;66000;135200;97500;719700
Quiroga_Red de enmalle fija marina;59750;145250;315000;585000
Caño Lobo_Red de enmalle de encierro marina;23025;29000;22600;128350
El Puerto (Puerto Carreño)_Red de enmalle fija continental;13000;141000;30300;290000
Puerto (Orocué)_Palangre calandrio;44850;90750;529250;2063510
Comercializadores independientes (Guapi)_Red de enmalle fija marina;213500;698500;579700;7268900
Bocas de Seheve_Atarraya;10000;10000;21000;159375
La Chamba_Red de enmalle fija continental;17600;36705;196950;424650
Plaza de mercado (La Dorada)_Línea de mano fija continental;51000;69000;176100;236400
El Porvenir_Red de enmalle fija marina;5000;17750;133000;133000
Lomita Arena_Chinchorro marino;36850;116000;53000;2983000
Puerto Barrio El Progreso_Red de enmalle de deriva continental;21000;42300;38170;296900
Paujil_Línea de mano fija continental;10400;43200;93160;300300
Policía fluvial (Quibdó)_Red de enmalle de deriva continental;10000;56200;44660;999120
Uveros_Red de enmalle camaronera;21600;111280;87750;1425000
Barrio La Unión_Red de enmalle langostera;40000;62500;24400;369680
Paujil_Palangre calandrio;12500;94000;172900;553350
San Miguel (Puerto Gaitán)_Red de enmalle fija continental;15800;47700;35160;301740
Punta Bonita_Red de enmalle camaronera;104000;168900;219800;2302800
Río San Miguel_Atarraya;18000;18000;180000;180000
La Charca de Guarinocito_Atarraya;20000;60000;12000;195000
La Punta - Firme Cifuentes_Red de enmalle camaronera;45000;65000;60000;464350
Playa Nueva_Red de enmalle camaronera;39665;105550;62800;335625
Las Delicias_Buceo de langosta;15300;30000;17725;486670
Puerto Abajo (Dibulla)_Red de enmalle de encierro marina;90000;371900;130950;9485200
Bazán La Bocana_Red de enmalle camaronera;96800;512000;92700;2351500
Bazán La Bocana_Red de arrastre artesanal o changa;115450;174100;115700;418500
Ica-Copipa_Línea de mano fija marina;9000;39140;68000;467500
Galería (Guapi)_Red de enmalle fija marina;74475;276750;289250;1576125
Puerto de desembarco (Barrancominas)_Red de enmalle fija continental;10000;76800;72160;426650
La Ensenada_Red de enmalle camaronera;47000;78400;9900;121400
Betania - Naya_Red de enmalle camaronera;89100;146200;67200;1438880
Méjico_Atarraya;10250;14750;5470;88995
Camarones_Red de enmalle de encierro marina;116000;191000;465800;1977000
Amarales_Red de enmalle camaronera;22000;60000;90720;681315
Curillo_Atarraya;98700;111300;510690;537510
La Gloria_Chinchorro continental;100250;185750;77165;1835240
Vigía_Red de enmalle camaronera;18600;28000;83440;356400
Marralú_Red de enmalle fija continental;4000;14000;15600;177005
Miramar - Bahía Málaga_Palangre o espinel de fondo;23000;42000;30450;539250
Puerto Arriba (Dibulla)_Palangre o espinel de fondo;63800;131800;69400;595600
El Puerto (Tumaco)_Red de enmalle fija marina;98200;245800;907350;1147650
Puerto Colorado_Red de enmalle fija continental;12000;18000;12500;129230
Nueva Ola_Red de enmalle fija continental;3150;5000;4000;43025
Armenia_Palangre calandrio;9000;17000;92590;167190
Muelles del Camarón_Red de arrastre artesanal o changa;137800;190000;113200;813000
Villa Fátima_Red de enmalle de deriva marina;130000;154500;41750;356250
Santa Cruz - Naya_Red de enmalle camaronera;81975;149000;150405;878525
Santa Cruz - Naya_Red de enmalle fija marina;37900;69500;44900;186600
Costilla_Chinchorro continental;21600;34160;69225;256700
El Muelle (Barrancabermeja)_Palangre calandrio;62600;171700;193400;557000
Belén (San Marcos)_Palangre calandrio; ; ;15000;66025
Playa Totumo_Línea de mano fija marina;65000;294000;272800;1656200
Clarinetero_Línea de mano fija continental;10000;33100;69895;324495
La Playa (El Banco)_Nasas de Peces;90000;110000;146910;652175
Laguna Colorada_Flecha;3050;3950;8400;8400
Cooperativas - Pueblo Nuevo_Red de enmalle camaronera;280000;720000;285150;1990150
Puerto Rico [Meta]_Red de enmalle de deriva continental;48400;75700;101400;474840
Puerto principal (San Vicente del Caguán)_Palangre calandrio;46750;85000;120550;267850
San José de la Calle_Línea de mano fija continental;15000;15000;6925;168800
El Muelle (Barrancabermeja)_Atarraya rastra;146250;239250;260500;1517750
Mercado (Lorica)_Palangre calandrio;15000;18650;150000;320000
Milagros de la Mar_Palangre o espinel de fondo;79500;168000;82800;854500
Lomita Arena_Palangre o espinel de superficie;22800;39400;32600;138600
Las Balsas_Red de enmalle fija continental;190500;310000;320000;695850
El Muelle (Puerto López)_Palangre calandrio;184000;284000;246700;548300
Puerto Abajo (Dibulla)_Red de enmalle langostera;60000;70000;15000;396000
Campo alegre_Atarraya;14100;15900;29785;55205
Bahía de Cispatá_Arpón;3800;13120;23000;843800
Morrosquillo_Buceo de peces;3660;22600;43200;218000
Cupica_Palangre o espinel de fondo;114000;147250;394000;2523500
El Muelle (Barrancabermeja)_Chinchorro continental;124050;198600;426600;534450
Juanchaco_Línea de mano correteo curricán o trolling;100100;141500;183600;453600
Casco Urbano (Arauca)_Chinchorro continental;213350;255650;609265;673435
Miramar - Bahía Málaga_Red de enmalle de deriva marina;35500;64450;59100;664400
Charambirá_Línea de mano fija marina;18000;18000;43200;172800
La Gloria_Nasas de Peces;109500;205000;228500;985800
La Gloria_Atarraya puesteo;6600;138500;34800;400680
Guataquí_Atarraya;4000;39750;21250;116250
Río San Miguel_Línea de mano fija continental;16550;38225;82500;406500
Bahía de Cispatá_Nasa de jaibas;8050;13000;32100;93000
Cartagena del Chairá_Línea de mano fija continental;41500;75800;637185;1249530
Candelaria (Achí)_Chinchorro continental;2140;5000;70440;194660
Barrio Chino_Atarraya; ; ;4075;24150
Mapiripán_Chinchorro continental;43050;61950;85670;104930
Sivirú_Palangre o espinel de fondo;11000;49000;11450;299650
Bahía de Cispatá_Buceo de peces;11350;34300;59850;116100
Casino_Red de enmalle fija marina;559000;559000;1102700;1102700
Tribugá_Arpón;15000;15000;56000;399000
Sapzurro_Red de enmalle fija marina;9455;17600;264200;789300
El Porvenir_Línea de mano correteo curricán o trolling;10000;27500;62850;227900
Villanueva_Atarraya;1000;1000;15700;15700
Punta de blanco_Atarraya; ; ;57370;89230
La Rampa (Barrancabermeja)_Palangre calandrio;87450;216550;573000;2979400
Candelaria (Chimichagua)_Atarraya;14720;29600;40040;125800
Casco Urbano (Arauca)_Recolección manual de mota;53850;310900;184025;1366020
Puerto Cabuyaro_Red de enmalle fija continental;27000;91200;66580;670680
El Pedral_Palangre calandrio;5000;13500;50750;85950
Puerto Chaparro_Nasas de Peces;12200;164000;60520;523840
Puerto Miraflores_Red de enmalle marina de fondo;73100;137200;66150;861675
Purricha_Red de enmalle de deriva marina;41200;77850;121800;573200
Quiroga_Red de enmalle camaronera;84000;1,00E+05;205350;616500
Puerto de desembarco (Mitú)_Nasas de Peces;10750;24250;212600;295400
La Tagua_Línea de mano fija continental;11650;25000;14950;224350
Bocanegra_Palangre o espinel de fondo;17800;35000;16825;173800
Buenavista (La Dorada)_Red de enmalle de encierro continental;54000;69250;141500;363450
Cartagena del Chairá_Atarraya;25250;29750;87040;156160
Guacamayo_Red de enmalle de deriva continental;10000;24450;22340;122985
Honda_Nasas de Peces;42250;76800;65070;172690
La Gloria_Línea de mano fija continental;8000;19200;67200;175920
Puerto Ciénaga de Paredes_Nasas de Peces;13000;16000;37975;60900
La Ensenada_Red de enmalle de deriva marina;43400;64500;44400;410520
Puerto Rico [Meta]_Red de enmalle fija continental;56900;74550;99540;541840
El Muelle (Puerto López)_Red de enmalle de deriva continental;120000;120000;3,00E+05;3,00E+05
Clarinetero_Chinchorro continental;46000;46000;358900;358900
Santuario_Palangre calandrio;50750;154250;249150;305850
Sapzurro_Buceo de peces;16835;51060; ; 
Caño Grande_Línea de mano fija continental;2000;2000;9975;88750
Chontal_Palangre o espinel de superficie;16000;40000;96975;364100
Puerto de las Canoas (Puerto Berrío)_Red de enmalle de deriva continental;60700;221600;161970;1377800
Puerto Principal (Puerto Lleras)_Red de enmalle de deriva continental;100300;105700;190900;1233100
Damaquiel_Red de enmalle camaronera;38950;150950;43000;1299350
Guataquí_Red de enmalle fija continental;4000;60000;17500;260250
Costilla_Atarraya;9720;22860;59000;59000
Costilla_Palangre calandrio;8250;15825;14850;66795
Ica-Copipa_Buceo marino mixto;32100;71050;94900;389100
La Tagua_Red de enmalle fija continental;6600;12000;12640;87340
Casco Urbano (San Juan de Urabá)_Red de arrastre artesanal o changa;81625;133250;50750;682000
Sapzurro_Red de enmalle de encierro marina;8000;8000;3294000;3294000
Puerto La Candelaria_Atarraya rastra; ; ;11000;31250
El Llanito_Línea de mano fija continental;66000;66000;75450;173550
El Pedral_Línea de mano fija continental;5000;5000;130000;130000
Las Flores_Palangre o espinel de fondo;116200;199900;81000;1051000
Sivirú_Red de enmalle camaronera;26600;50000;65200;938800
Orpua_Red de enmalle camaronera;34000;136850;60900;952400
Docordó_Línea de mano fija marina;28750;110250;62700;237725
Puerto de Bolombolo_Línea de mano fija continental;5000;5000; ; 
Puerto Boquillas_Chinchorro continental;15000;18300;69650;932680
El Puerto (Puerto Carreño)_Red de enmalle de deriva continental;80000;1,00E+05;97400;450600
Camarones_Línea de mano fija marina;87500;148750;517875;1197500
Purricha_Red de enmalle camaronera;70150;84475;168440;405980
Pizarro_Red de enmalle camaronera;40000;62200;95100;605200
Muelles del Camarón_Red de enmalle fija marina;114150;188850;497650;671350
Pesquera Aspabab_Red de enmalle camaronera;61500;388500;129250;2339450
Laguna Colorada_Red de enmalle de deriva continental;6000;6000;38160;81900
Puerto Rico [Meta]_Línea de mano fija continental;9000;9000;22925;32375
Puerto Chucha_Palangre o espinel de fondo;23000;27600;128500;673050
Bahía de Cispatá_Red de arrastre artesanal o changa;55300;142100;231050;841000
Puerto Chaparro_Barredera;2000;2000;11280;73380
Loma - San Sebastián_Atarraya;1240;13180;12000;109500
Casco Urbano (San Juan de Urabá)_Red de enmalle de deriva marina;98250;142650;117500;1253100
San Alejandro_Línea de mano fija continental;10350;18900;6020;158080
Muelle Hong Kong_Palangre calandrio;14100;94500;174200;1045600
Concepción - Tacamocho_Atarraya;1000;1000;33000;33000
Mercado (Lorica)_Línea de mano fija continental;10600;24800;80000;267000
Casco Urbano (Arauca)_Red de enmalle fija continental;16250;222250;88300;635325
Curillo_Red de enmalle fija continental;38250;96750;383600;610400
Soledad Pueblito_Red de enmalle de encierro marina;1,00E+05;1,00E+05;553600;1536800
Soledad Pueblito_Línea de mano fija marina;1,00E+05;1,00E+05;1030400;1145600
Soledad Pueblito_Red de enmalle camaronera;1,00E+05;1,00E+05;392000;1337000
El Muelle (Puerto López)_Atarraya;2,00E+05;2,00E+05;496000;496000
Damaquiel_Palangre o espinel de fondo;22125;31875;51600;250600
Laguna Colorada_Línea de mano fija continental;4000;8000;9100;108000
Limones_Red de arrastre artesanal o changa;180000;180000;840000;840000
Limones_Red de enmalle camaronera;90250;158500;315300;959200
Puerto Triunfo_Red de enmalle de deriva continental;26500;38500;60470;435235
Dotenedó_Red de enmalle camaronera;20900;32000;29200;181600
Santuario_Red de enmalle fija continental;14200;40400;42600;149400
La Pedrera_Línea de mano fija continental;37625;129875;152200;299800
Puerto Boca_Red de enmalle fija continental ciénaga;24000;49000;114500;491000
Puerto de las Canoas (Puerto Berrío)_Atarraya rastra;142100;394200;448865;3133305
Muelles del Camarón_Red de enmalle de deriva marina;94700;206900;145900;772700
Puerto Real - Saloa_Palangre calandrio;2250;22000;12000;61000
Las Delicias_Línea de mano fija marina;23400;39750;26775;223090
El Pájaro_Buceo marino mixto;16950;19400;38850;147150
Mantequera_Chinchorro continental;30000;30000;169000;169000
Puerto de las Canoas (Puerto Berrío)_Chinchorra mallona;75900;567850;476235;2740750
Puerto Boca_Barredera;2000;2000;29000;210000
Mapiripán_Línea de mano fija continental;13000;13000;26800;26800
Palomar_Atarraya; ; ;21340;190840
Concepción - Tacamocho_Palangre calandrio; ; ;24220;115360
Pesqueras - Pueblo Nuevo_Red de enmalle de deriva marina;3985000;3985000;2974500;2974500
Concepción - Tacamocho_Red de enmalle de deriva continental; ; ; ; 
Pueblo Lindo o Caimanera_Atarraya;10400;12200;26300;78050
La Pedrera_Atarraya;70400;70400;224000;224000
Puerto Principal (Puerto Lleras)_Red de enmalle fija continental;88900;100250;500700;659050
Yaguará_Arpón;27000;27000; ; 
Santa Clara_Red de enmalle de deriva continental;2000;2800;33000;63700
Puerto Abajo (Dibulla)_Línea de mano fija marina;20000;20000;84000;84000
Chapinero_Red de enmalle fija continental;34500;58700;111100;219450
El Roto_Palangre o espinel de fondo;29000;62000;34000;1000540
Puerto Arriba (Dibulla)_Línea de mano fija marina;49000;49000;351000;351000
Bocas del Atrato_Flecha;15050;15950;159000;447000
El Muelle (Barrancabermeja)_Red de enmalle de deriva continental;121100;239000;466800;1167000
Puerto Amor_Arpón;25000;25000;136000;136000
Las Balsas_Palangre calandrio;242000;318000;348200;588700
Guacamayo_Barredera;10800;26000;25460;50220
Sempegua_Atarraya;11360;39560;32000;195900
Uveros_Red de enmalle de deriva marina;91840;135280;157000;1074000
Robles_Atarraya;6075;8940;16450;56700
Damaquiel_Red de enmalle de deriva marina;75300;123250;109800;785200
Puerto de las Canoas (Puerto Berrío)_Chinchorra menuda;61950;361000;259350;1186520
Las Flores_Palangre o espinel de superficie;158400;247000;57880;938260
Palanca_Atarraya rastra;40000;40000;149400;408600
Puerto de desembarco (Barrancominas)_Red de enmalle de deriva continental;45000;89800;105750;946190
Puerto La Candelaria_Palangre calandrio; ; ;14000;14000
Pueblo Nuevo (Barrancominas)_Red de enmalle de deriva continental;6000;6000;80400;80400
Puerto Boca_Red de enmalle fija continental río; ; ; ; 
Tribugá_Palangre o espinel de fondo;19000;19000;12100;40900
San Antonio de Padua_Línea de mano fija continental;28000;28000;41900;41900
Mulatos_Palangre o espinel de superficie;33000;33000;187750;647650
Macurutú - Saloa_Palangre calandrio;3100;4900;21120;104100
Puerto del Pescado (San José Del Guaviare)_Redes de trasmallo;9000;12000;134500;609300
Buenavista (La Dorada)_Red de enmalle fija continental;4000;4000;15000;15000
San José_Red de encierro rastra;19750;45150;75825;464100
Mapiripán_Red de enmalle fija continental;27500;40000;332500;467500
Nueva Colonia_Palangre o espinel de superficie;280000;4,00E+05;339250;842000
Guineal_Red de enmalle de deriva marina;8300;46700;42450;158550
Ica-Copipa_Línea de mano correteo curricán o trolling;27900;27900;579000;579000
Puerto Serviez_Chinchorro continental;80000;80000;237000;237000
Sapzurro_Palangre o espinel de fondo;207400;207400;555000;555000
Puerto Principal (Leticia)_Red de enmalle de deriva continental;45000;293000;252000;981750
Puerto Real - Saloa_Chinchorro continental;45000;45000;400400;400400
San Miguel (Puerto Gaitán)_Línea de mano fija continental;18000;18000;78400;78400
Mercado (Lorica)_Buceo de peces;1075;2000;30000;73750
Puerto Triunfo_Chinchorra;38000;38000;1429600;1429600
Muelle La Esmeralda_Red de enmalle fija continental;16000;16000;36000;36000
Mapiripán_Palangre calandrio;63800;114200; ; 
Chapinero_Red de enmalle de deriva continental;64000;64000;99100;262900
Bocanegra_Red de enmalle de deriva marina;136000;136000;284000;284000
Sempegua_Red de enmalle fija continental ciénaga;5060;32000;18250;128500
El Puerto (Tumaco)_Palangre o espinel de fondo;210000;210000;164000;164000
Isla Fuerte_Nasas de Peces;168950;186050;460275;717225
Puerto Colorado_Red de enmalle de deriva continental;12000;18000;31425;243500
Marralú_Red de enmalle de deriva continental;4250;12000;49050;176500
Marralú_Nasas de Peces; ; ;13500;13500
Puerto Cabuyaro_Línea de mano fija continental;260000;260000;59500;59500
Puerto Wilches_Chinchorra nicurera;86200;123000;527200;1344400
La Gloria_Red de enmalle de encierro continental;20000;20000;187600;187600
Puerto de Gamarra_Atarraya;30000;30000;139000;139000
Plaza de mercado (La Dorada)_Atarraya rastra;40000;40000;115000;223650
Puerto Chucha_Atarraya;22000;33400;74400;255200
La Charca de Guarinocito_Atarraya chile;30000;30000;240000;240000
Palomino_Chinchorro continental;14825;21000;42600;152660
Guataquí_Línea de mano fija continental;50000;50000;92000;92000
Bocanegra_Red de enmalle fija continental;14200;14200;35600;35600
Guacamayo_Palangre calandrio;5000;5000;162600;189600
La Rampa (Barrancabermeja)_Red de enmalle de encierro continental;170000;170000;711500;711500
La Rampa (Barrancabermeja)_Red de enmalle fija continental;121500;235500;218995;603200
Palenquito_Palangre calandrio;10000;10000;63000;63000
Palanca_Chinchorro continental;10750;20000;121700;272470
Puerto Asure_Nasas de Peces; ; ; ; 
Bocas de Seheve_Red de enmalle de deriva continental; ; ;65000;65000
Villanueva_Red de enmalle de encierro continental;3000;4000;44180;164980
El Pedral_Red de enmalle de encierro continental;5000;5000; ; 
Domingodó_Flecha;52350;88000;115000;443000
Casco Urbano (Arauca)_Nasas de Peces;256000;256000;788000;788000
La Ensenada_Palangre o espinel de fondo;85500;94500;77500;122500
Orpua_Palangre o espinel de fondo;34000;34000;278800;293200
Puerto Asure_Red de enmalle de encierro continental;34000;34000;213000;213000
Puerto Chaparro_Palangre calandrio;45850;79150;85500;371250
